{
  "ensemble": {
    "n_trades": 55,
    "total_net_pnl": 1.6235469123681456,
    "sharpe": 3.5985071012300227,
    "sharpe_ci": [
      0.466747749398068,
      6.378451882300262
    ],
    "win_rate": 0.6181818181818182,
    "profit_factor": 2.354557142427985
  },
  "per_pair": {
    "BTC-USD": {
      "n_trades": 8,
      "total_net_pnl": -0.20212041591629049,
      "sharpe": -2.47805755921098,
      "sharpe_ci": [
        0.0,
        0.0
      ],
      "win_rate": 0.25
    },
    "ETH-USD": {
      "n_trades": 23,
      "total_net_pnl": 0.33436906911441866,
      "sharpe": 2.7743581367799566,
      "sharpe_ci": [
        -0.7460253414065517,
        6.424860503097182
      ],
      "win_rate": 0.5217391304347826
    },
    "ETH-BTC": {
      "n_trades": 24,
      "total_net_pnl": 0.0319956433007888,
      "sharpe": 0.5834925113901688,
      "sharpe_ci": [
        -2.8272142599954284,
        4.202972351936946
      ],
      "win_rate": 0.4583333333333333
    },
    "SOL-BTC": {
      "n_trades": 19,
      "total_net_pnl": 0.11909400116721673,
      "sharpe": 1.6866837827074204,
      "sharpe_ci": [
        0.0,
        0.0
      ],
      "win_rate": 0.5263157894736842
    },
    "SOL-USD": {
      "n_trades": 20,
      "total_net_pnl": 0.13434487650263832,
      "sharpe": 0.9273682796922599,
      "sharpe_ci": [
        -2.4360455336669817,
        5.583121531937839
      ],
      "win_rate": 0.6
    },
    "XRP-USD": {
      "n_trades": 18,
      "total_net_pnl": 0.14845911800748798,
      "sharpe": 1.3462788643042127,
      "sharpe_ci": [
        0.0,
        0.0
      ],
      "win_rate": 0.4444444444444444
    },
    "DOGE-USD": {
      "n_trades": 19,
      "total_net_pnl": 0.2559586723712425,
      "sharpe": 1.3386442022997926,
      "sharpe_ci": [
        0.0,
        0.0
      ],
      "win_rate": 0.5789473684210527
    },
    "SHIB-USD": {
      "n_trades": 11,
      "total_net_pnl": 0.20657654390221142,
      "sharpe": 0.9205644956641617,
      "sharpe_ci": [
        0.0,
        0.0
      ],
      "win_rate": 0.7272727272727273
    },
    "LINK-USD": {
      "n_trades": 24,
      "total_net_pnl": -0.020048647121378237,
      "sharpe": -0.1325942936542633,
      "sharpe_ci": [
        -3.1008591701410055,
        4.28174220816297
      ],
      "win_rate": 0.5416666666666666
    },
    "UNI-USD": {
      "n_trades": 10,
      "total_net_pnl": 0.3024210900926665,
      "sharpe": 1.3918893522694817,
      "sharpe_ci": [
        0.0,
        0.0
      ],
      "win_rate": 0.6
    }
  }
}